{"model_type": "xgboost", "opt_type": 0, "learner": {"attributes": {}, "feature_names": ["lag_1", "lag_2", "lag_3", "lag_4", "lag_5", "lag_6", "lag_7", "quorum_id", "total_batches", "total_unsigned_batches", "frequency", "total_percentage", "timestamp"], "feature_types": ["float", "float", "float", "float", "float", "float", "float", "int", "int", "int", "int", "float", "int"], "gradient_booster": {"model": {"gbtree_model_param": {"num_parallel_tree": "1", "num_trees": "2"}, "iteration_indptr": [0, 1, 2], "tree_info": [0, 0], "trees": [{"base_weights": [7.6213114e-10, -0.040592648, 0.91412354, -0.042755675, 0.21814454, 0.58778834, 0.9407309, -0.04417227, 0.020564897, 0.3186499, 0.0620393, 0.1905434, 0.057666216, 0.06572122, 0.28364283, -0.044697065, -0.028805736, 0.0019973405, 0.04293215, 0.04862083, 0.372874, 0.0034200156, 0.110603705, -0.013509785, -0.011634221, -0.024636814, -0.011727235, 0.0072153416, -0.008989982, 0.059407685, -0.0015571159, 0.08449937, 0.12990318, 0.0042830463, -0.0024358889, 0.0091737015, 0.037065227, -0.008473554, -0.0045003006, -2.2202847e-05, 0.0050308374, 0.012053524, 0.025385654, 0.0040946337, -0.0045260126, -0.0019596217, 0.0009879937], "categories": [], "categories_nodes": [], "categories_segments": [], "categories_sizes": [], "default_left": [0, 0, 0, 0, 0, 0, 0, 0, 0, 0, 0, 0, 0, 0, 0, 0, 0, 0, 0, 0, 0, 0, 0, 0, 0, 0, 0, 0, 0, 0, 0, 0, 0, 0, 0, 0, 0, 0, 0, 0, 0, 0, 0, 0, 0, 0, 0], "id": 0, "left_children": [1, 3, 5, 7, 9, 11, 13, 15, 17, 19, 21, -1, -1, -1, -1, 23, 25, 27, 29, -1, 31, 33, 35, -1, -1, 37, -1, 39, -1, 41, 43, -1, -1, -1, 45, -1, -1, -1, -1, -1, -1, -1, -1, -1, -1, -1, -1], "loss_changes": [246.98216, 3.576007, 1.9043121, 0.5678997, 0.81176996, 0.32749557, 0.68322754, 0.048574448, 0.057641678, 0.2112627, 0.062251568, 0.0, 0.0, 0.0, 0.0, 0.0101184845, 0.007912576, 0.013058888, 0.04627052, 0.0, 0.0041918755, 0.0007341173, 0.008654952, 0.0, 0.0, 0.0047917217, 0.0, 0.0046673417, 0.0, 0.018900588, 0.0039090468, 0.0, 0.0, 0.0, 0.000209255, 0.0, 0.0, 0.0, 0.0, 0.0, 0.0, 0.0, 0.0, 0.0, 0.0, 0.0, 0.0], "parents": [2147483647, 0, 0, 1, 1, 2, 2, 3, 3, 4, 4, 5, 5, 6, 6, 7, 7, 8, 8, 9, 9, 10, 10, 15, 15, 16, 16, 17, 17, 18, 18, 20, 20, 21, 21, 22, 22, 25, 25, 27, 27, 29, 29, 30, 30, 34, 34], "right_children": [2, 4, 6, 8, 10, 12, 14, 16, 18, 20, 22, -1, -1, -1, -1, 24, 26, 28, 30, -1, 32, 34, 36, -1, -1, 38, -1, 40, -1, 42, 44, -1, -1, -1, 46, -1, -1, -1, -1, -1, -1, -1, -1, -1, -1, -1, -1], "split_conditions": [94.0, 27.0, 136.0, 6.0, 319.0, 145.0, 1.0953854, 2.0, 11.0, 45.0, 1714910500.0, 0.1905434, 0.057666216, 0.06572122, 0.28364283, 1.0, 319.0, 319.0, 147.0, 0.04862083, 56.0, 537.0, 32.0, -0.013509785, -0.011634221, 4.0, -0.011727235, 8.0, -0.008989982, 16.0, 489.0, 0.08449937, 0.12990318, 0.0042830463, 55.0, 0.0091737015, 0.037065227, -0.008473554, -0.0045003006, -2.2202847e-05, 0.0050308374, 0.012053524, 0.025385654, 0.0040946337, -0.0045260126, -0.0019596217, 0.0009879937], "split_indices": [9, 9, 9, 9, 8, 8, 11, 9, 9, 9, 12, 0, 0, 0, 0, 9, 8, 8, 8, 0, 9, 8, 9, 0, 0, 9, 0, 9, 0, 9, 8, 0, 0, 0, 9, 0, 0, 0, 0, 0, 0, 0, 0, 0, 0, 0, 0], "split_type": [0, 0, 0, 0, 0, 0, 0, 0, 0, 0, 0, 0, 0, 0, 0, 0, 0, 0, 0, 0, 0, 0, 0, 0, 0, 0, 0, 0, 0, 0, 0, 0, 0, 0, 0, 0, 0, 0, 0, 0, 0, 0, 0, 0, 0, 0, 0], "sum_hessian": [6654.0, 6372.0, 282.0, 6320.0, 52.0, 23.0, 259.0, 6182.0, 138.0, 31.0, 21.0, 20.0, 3.0, 2.0, 257.0, 5976.0, 206.0, 76.0, 62.0, 9.0, 22.0, 10.0, 11.0, 5649.0, 327.0, 149.0, 57.0, 66.0, 10.0, 45.0, 17.0, 11.0, 11.0, 3.0, 7.0, 2.0, 9.0, 107.0, 42.0, 38.0, 28.0, 27.0, 18.0, 8.0, 9.0, 4.0, 3.0], "tree_param": {"num_deleted": "0", "num_feature": "13", "num_nodes": "47", "size_leaf_vector": "1"}}, {"base_weights": [0.0001342367, -0.028368447, 0.6419981, -0.029725762, 0.18727164, 0.3867837, 0.65787387, -0.030839097, 0.024065582, 0.26359275, 0.056315433, 0.12460513, 0.02879327, 0.01921569, 0.19796416, -0.031188142, -0.0152652655, 0.009226337, 0.04517042, 0.061485123, 0.09587898, 0.09019204, -0.000124777, -0.009457567, -0.02657937, -0.011164504, -0.00797219, 0.013654363, -0.005574938, 0.06842517, 0.0064762584, 0.012825503, 0.031324875, -0.0025404163, 0.0011828643, -0.007689166, -0.009070177, -0.0042469683, -0.0012250463, 0.0017773444, 0.006731967, 0.013561378, 0.029012978, 0.004236448, -0.0044971234, -0.0010031873, -0.00026702098], "categories": [], "categories_nodes": [], "categories_segments": [], "categories_sizes": [], "default_left": [0, 0, 0, 0, 0, 0, 0, 0, 0, 0, 0, 0, 0, 0, 0, 0, 0, 0, 0, 0, 0, 0, 0, 0, 0, 0, 0, 0, 0, 0, 0, 0, 0, 0, 0, 0, 0, 0, 0, 0, 0, 0, 0, 0, 0, 0, 0], "id": 1, "left_children": [1, 3, 5, 7, 9, 11, 13, 15, 17, 19, 21, -1, -1, -1, -1, 23, 25, 27, 29, -1, -1, 31, 33, -1, 35, 37, -1, 39, -1, 41, 43, -1, -1, 45, -1, -1, -1, -1, -1, -1, -1, -1, -1, -1, -1, -1, -1], "loss_changes": [121.770386, 1.8708906, 0.8921814, 0.38007164, 0.38494468, 0.11797595, 0.27350616, 0.03325939, 0.039983444, 0.01660335, 0.030603305, 0.0, 0.0, 0.0, 0.0, 0.008590221, 0.0061029643, 0.009735601, 0.04724749, 0.0, 0.0, 0.0022840425, 7.879851e-05, 0.0, 0.0006814599, 0.0021244315, 0.0, 0.004417097, 0.0, 0.01730229, 0.0036581594, 0.0, 0.0, 3.6542478e-06, 0.0, 0.0, 0.0, 0.0, 0.0, 0.0, 0.0, 0.0, 0.0, 0.0, 0.0, 0.0, 0.0], "parents": [2147483647, 0, 0, 1, 1, 2, 2, 3, 3, 4, 4, 5, 5, 6, 6, 7, 7, 8, 8, 9, 9, 10, 10, 15, 15, 16, 16, 17, 17, 18, 18, 21, 21, 22, 22, 24, 24, 25, 25, 27, 27, 29, 29, 30, 30, 33, 33], "right_children": [2, 4, 6, 8, 10, 12, 14, 16, 18, 20, 22, -1, -1, -1, -1, 24, 26, 28, 30, -1, -1, 32, 34, -1, 36, 38, -1, 40, -1, 42, 44, -1, -1, 46, -1, -1, -1, -1, -1, -1, -1, -1, -1, -1, -1, -1, -1], "split_conditions": [94.0, 40.0, 112.0, 7.0, 319.0, 145.0, 0.539634, 3.0, 14.0, 64.0, 741.0, 0.12460513, 0.02879327, 0.01921569, 0.19796416, 1.0, 319.0, 319.0, 319.0, 0.061485123, 0.09587898, 50.0, 0.06269593, -0.009457567, 319.0, 5.0, -0.00797219, 10.0, -0.005574938, 21.0, 741.0, 0.012825503, 0.031324875, 53.0, 0.0011828643, -0.007689166, -0.009070177, -0.0042469683, -0.0012250463, 0.0017773444, 0.006731967, 0.013561378, 0.029012978, 0.004236448, -0.0044971234, -0.0010031873, -0.00026702098], "split_indices": [9, 9, 9, 9, 8, 8, 11, 9, 9, 9, 8, 0, 0, 0, 0, 9, 8, 8, 8, 0, 0, 9, 1, 0, 8, 9, 0, 9, 0, 9, 8, 0, 0, 9, 0, 0, 0, 0, 0, 0, 0, 0, 0, 0, 0, 0, 0], "split_type": [0, 0, 0, 0, 0, 0, 0, 0, 0, 0, 0, 0, 0, 0, 0, 0, 0, 0, 0, 0, 0, 0, 0, 0, 0, 0, 0, 0, 0, 0, 0, 0, 0, 0, 0, 0, 0, 0, 0, 0, 0, 0, 0, 0, 0, 0, 0], "sum_hessian": [6654.0, 6372.0, 282.0, 6333.0, 39.0, 18.0, 264.0, 6205.0, 128.0, 24.0, 15.0, 16.0, 2.0, 1.0, 263.0, 6068.0, 137.0, 76.0, 52.0, 14.0, 10.0, 9.0, 6.0, 5649.0, 419.0, 102.0, 35.0, 66.0, 10.0, 32.0, 20.0, 3.0, 6.0, 4.0, 2.0, 339.0, 80.0, 71.0, 31.0, 36.0, 30.0, 19.0, 13.0, 15.0, 5.0, 2.0, 2.0], "tree_param": {"num_deleted": "0", "num_feature": "13", "num_nodes": "47", "size_leaf_vector": "1"}}]}, "name": "gbtree"}, "learner_model_param": {"base_score": "4.5040585E-2", "boost_from_average": "1", "num_class": "0", "num_feature": "13", "num_target": "1"}, "objective": {"name": "reg:squarederror", "reg_loss_param": {"scale_pos_weight": "1"}}}, "version": [2, 0, 3]}